{
  "forms": [
    {
      "name": "agency",
      "description": "This is a service widget.",
      "src": "./ets/agency/pages/AgencyCard.ets",
      "uiSyntax": "arkts",
      "window": {
        "designWidth": 720,
        "autoDesignWidth": true
      },
      "colorMode": "auto",
      "isDefault": true,
      "updateEnabled": true,
      "scheduledUpdateTime": "00:00",
      "defaultDimension": "2*4",
      "supportDimensions": [
        "2*4"
      ]
    },
    {
      "name": "progress",
      "description": "This is a service widget.",
      "src": "./ets/progress/pages/ProgressCard.ets",
      "uiSyntax": "arkts",
      "window": {
        "designWidth": 720,
        "autoDesignWidth": true
      },
      "colorMode": "auto",
      "isDefault": false,
      "updateEnabled": true,
      "scheduledUpdateTime": "00:00",
      "defaultDimension": "2*2",
      "supportDimensions": [
        "2*2"
      ]
    }
  ]
}