{
  "float": [
    {
      "name": "back_width",
      "value": "24vp"
    },
    {
      "name": "back_height",
      "value": "24vp"
    },
    {
      "name": "back_left_margin",
      "value": "24vp"
    },
    {
      "name": "title_font_size",
      "value": "20fp"
    },
    {
      "name": "title_left_margin",
      "value": "16vp"
    },
    {
      "name": "title_height",
      "value": "28vp"
    },
    {
      "name": "title_row_height",
      "value": "56vp"
    },
    {
      "name": "grid_row_gutter",
      "value": "12vp"
    },
    {
      "name": "live_image_height",
      "value": "200vp"
    },
    {
      "name": "stack_top_margin_small",
      "value": "8vp"
    },
    {
      "name": "stack_top_margin_middle",
      "value": "12vp"
    },
    {
      "name": "live_image_border_radius",
      "value": "24vp"
    },
    {
      "name": "video_width",
      "value": "24vp"
    },
    {
      "name": "video_height",
      "value": "24vp"
    },
    {
      "name": "video_top_margin_small",
      "value": "16vp"
    },
    {
      "name": "video_top_margin_middle_large",
      "value": "24vp"
    },
    {
      "name": "video_row_height",
      "value": "112vp"
    },
    {
      "name": "grid_col_left_margin",
      "value": "12vp"
    },
    {
      "name": "grid_col_right_margin",
      "value": "12vp"
    },
    {
      "name": "live_item_title_font_size",
      "value": "21fp"
    },
    {
      "name": "live_item_title_height",
      "value": "28vp"
    },
    {
      "name": "live_item_top_margin_phone",
      "value": "21vp"
    },
    {
      "name": "live_item_top_margin_tablet",
      "value": "13vp"
    },
    {
      "name": "live_introduction_font_size",
      "value": "12fp"
    },
    {
      "name": "live_introduction_height",
      "value": "17vp"
    },
    {
      "name": "live_introduction_top_margin",
      "value": "2vp"
    },
    {
      "name": "small_left_right_padding",
      "value": "16vp"
    },
    {
      "name": "middle_large_left_right_padding",
      "value": "24vp"
    },
    {
      "name": "live_item_row_height",
      "value": "88vp"
    },
    {
      "name": "scroll_margin_bottom",
      "value": "56vp"
    },{
      "name": "comment_title_size",
      "value": "16fp"
    },
    {
      "name": "title_line_height",
      "value": "16fp"
    },
    {
      "name": "title_margin_top",
      "value": "18vp"
    },
    {
      "name": "title_margin_bottom",
      "value": "8.5vp"
    },
    {
      "name": "margin_left_sm",
      "value": "16vp"
    },
    {
      "name": "margin_left",
      "value": "24vp"
    },
    {
      "name": "divider_margin_left",
      "value": "12vp"
    },
    {
      "name": "margin_left_list",
      "value": "12vp"
    },
    {
      "name": "padding_bottom",
      "value": "12vp"
    },
    {
      "name": "margin_right_sm",
      "value": "16vp"
    },
    {
      "name": "margin_right",
      "value": "24vp"
    },
    {
      "name": "margin_right_list",
      "value": "12vp"
    },
    {
      "name": "stroke_width",
      "value": "0.5vp"
    },
    {
      "name": "start_margin",
      "value": "56vp"
    },
    {
      "name": "start_margin_lg",
      "value": "64vp"
    },
    {
      "name": "header_image_width",
      "value": "20vp"
    },
    {
      "name": "header_image_height",
      "value": "18vp"
    },
    {
      "name": "header_margin_left",
      "value": "2vp"
    },
    {
      "name": "header_margin_right",
      "value": "18vp"
    },
    {
      "name": "header_font_size",
      "value": "20fp"
    },
    {
      "name": "header_line_height",
      "value": "28vp"
    },
    {
      "name": "header_height",
      "value": "56vp"
    },
    {
      "name": "list_image_width",
      "value": "40vp"
    },
    {
      "name": "list_image_height",
      "value": "40vp"
    },
    {
      "name": "list_border_radius",
      "value": "32vp"
    },
    {
      "name": "list_image_margin_right",
      "value": "16vp"
    },
    {
      "name": "nickname_font_size",
      "value": "15fp"
    },
    {
      "name": "time_font_size",
      "value": "10fp"
    },
    {
      "name": "time_margin_top",
      "value": "2vp"
    },
    {
      "name": "content_font_size",
      "value": "13fp"
    },
    {
      "name": "content_margin_top",
      "value": "10vp"
    },
    {
      "name": "good_width",
      "value": "16vp"
    },
    {
      "name": "good_height",
      "value": "16vp"
    },
    {
      "name": "good_margin_top",
      "value": "2vp"
    },
    {
      "name": "span_font_size",
      "value": "13fp"
    },
    {
      "name": "review_padding",
      "value": "8vp"
    },
    {
      "name": "review_margin_top",
      "value": "4vp"
    },
    {
      "name": "list_padding_top",
      "value": "12vp"
    },
    {
      "name": "info_image_width",
      "value": "64vp"
    },
    {
      "name": "info_image_height",
      "value": "64vp"
    },
    {
      "name": "info_image_margin_right",
      "value": "16vp"
    },
    {
      "name": "info_image_border",
      "value": "8vp"
    },
    {
      "name": "info_title_size",
      "value": "16fp"
    },
    {
      "name": "info_singer_size",
      "value": "12fp"
    },
    {
      "name": "info_singer_line_height",
      "value": "17vp"
    },
    {
      "name": "arrow_right_width",
      "value": "12vp"
    },
    {
      "name": "arrow_right_height",
      "value": "24vp"
    },
    {
      "name": "info_height",
      "value": "88vp"
    },
    {
      "name": "info_padding_top",
      "value": "12vp"
    },
    {
      "name": "info_padding_bottom",
      "value": "12vp"
    },
    {
      "name": "playlist_border_radius",
      "value": "40vp"
    },
    {
      "name": "play_all_icon_size",
      "value": "23vp"
    },
    {
      "name": "play_all_text_padding",
      "value": "10vp"
    },
    {
      "name": "order_icon_size",
      "value": "24vp"
    },
    {
      "name": "order_icon_margin",
      "value": "16vp"
    },
    {
      "name": "play_all_area_height",
      "value": "60vp"
    },
    {
      "name": "play_all_area_padding",
      "value": "12vp"
    },
    {
      "name": "play_all_border_radius",
      "value": "20vp"
    },
    {
      "name": "list_item_title_margin",
      "value": "4vp"
    },
    {
      "name": "list_item_image_size",
      "value": "16vp"
    },
    {
      "name": "list_item_image_margin",
      "value": "4vp"
    },
    {
      "name": "list_item_height",
      "value": "60vp"
    },
    {
      "name": "list_item_padding",
      "value": "14vp"
    },
    {
      "name": "list_area_margin_top",
      "value": "60vp"
    },
    {
      "name": "singer_opacity",
      "value": "0.38"
    },
    {
      "name": "divider_opacity",
      "value": "0.1"
    },
    {
      "name": "list_area_padding_top",
      "value": "50vp"
    },
    {
      "name": "list_area_padding_bottom",
      "value": "48vp"
    },
    {
      "name": "album_cover_border_radius",
      "value": "8vp"
    },
    {
      "name": "album_name_opacity",
      "value": "0.9"
    },
    {
      "name": "album_name_margin",
      "value": "10vp"
    },
    {
      "name": "introduction_opacity",
      "value": "0.6"
    },
    {
      "name": "introduction_height",
      "value": "70vp"
    },
    {
      "name": "introduction_padding",
      "value": "20vp"
    },
    {
      "name": "introduction_margin_top",
      "value": "30vp"
    },
    {
      "name": "introduction_margin_bottom",
      "value": "20vp"
    },
    {
      "name": "option_image_size",
      "value": "30vp"
    },
    {
      "name": "option_area_height",
      "value": "70vp"
    },
    {
      "name": "option_margin",
      "value": "15vp"
    },
    {
      "name": "cover_padding_top_sm",
      "value": "50vp"
    },
    {
      "name": "cover_padding_top_other",
      "value": "70vp"
    },
    {
      "name": "icon_width",
      "value": "20vp"
    },
    {
      "name": "icon_height",
      "value": "20vp"
    },
    {
      "name": "icon_margin",
      "value": "16vp"
    },
    {
      "name": "title_opacity",
      "value": "0.9"
    },
    {
      "name": "title_padding_left",
      "value": "10vp"
    },
    {
      "name": "title_bar_height",
      "value": "50vp"
    },
    {
      "name": "cover_width",
      "value": "32vp"
    },
    {
      "name": "cover_height",
      "value": "32vp"
    },
    {
      "name": "label_border_radius",
      "value": "16vp"
    },
    {
      "name": "music_list_cover_margin",
      "value": "12vp"
    },
    {
      "name": "vip_icon_width",
      "value": "16vp"
    },
    {
      "name": "vip_icon_height",
      "value": "16vp"
    },
    {
      "name": "vip_icon_margin",
      "value": "4vp"
    },
    {
      "name": "control_icon_width",
      "value": "24vp"
    },
    {
      "name": "control_icon_height",
      "value": "24vp"
    },
    {
      "name": "control_icon_margin",
      "value": "16vp"
    },
    {
      "name": "player_area_height",
      "value": "48vp"
    },
    {
      "name": "player_padding",
      "value": "16vp"
    },
    {
      "name": "play_width_sm",
      "value": "120vp"
    },
    {
      "name": "play_width_lg",
      "value": "150vp"
    },

    {
      "name": "header_font_sm",
      "value": "18fp"
    },
    {
      "name": "header_font_md",
      "value": "20fp"
    },
    {
      "name": "header_font_lg",
      "value": "22fp"
    },
    {
      "name": "song_title_sm",
      "value": "14fp"
    },
    {
      "name": "song_title_md",
      "value": "16fp"
    },
    {
      "name": "song_title_lg",
      "value": "18fp"
    },
    {
      "name": "singer_title_sm",
      "value": "10fp"
    },
    {
      "name": "singer_title_md",
      "value": "12fp"
    },
    {
      "name": "singer_title_lg",
      "value": "14fp"
    },
    {
      "name": "collection_font_sm",
      "value": "10fp"
    },
    {
      "name": "collection_font_md",
      "value": "12fp"
    },
    {
      "name": "collection_font_lg",
      "value": "14fp"
    },
    {
      "name": "list_font_sm",
      "value": "16fp"
    },
    {
      "name": "list_font_md",
      "value": "18fp"
    },
    {
      "name": "list_font_lg",
      "value": "20fp"
    },
    {
      "name": "introduction_font_sm",
      "value": "12fp"
    },
    {
      "name": "introduction_font_md",
      "value": "14fp"
    },
    {
      "name": "introduction_font_lg",
      "value": "16fp"
    },
    {
      "name": "option_font_sm",
      "value": "13fp"
    },
    {
      "name": "option_font_md",
      "value": "15fp"
    },
    {
      "name": "option_font_lg",
      "value": "17fp"
    },
    {
      "name": "music_list_cover_margin_sm",
      "value": "10vp"
    },
    {
      "name": "music_list_cover_margin_md",
      "value": "30vp"
    },
    {
      "name": "music_list_cover_margin_lg",
      "value": "40vp"
    },
    {
      "name": "play_font_sm",
      "value": "14fp"
    },
    {
      "name": "play_font_md",
      "value": "16fp"
    },
    {
      "name": "play_font_lg",
      "value": "18fp"
    },
    {
      "name": "item_font_sm",
      "value": "14fp"
    },
    {
      "name": "item_font_md",
      "value": "16fp"
    },
    {
      "name": "item_font_lg",
      "value": "18fp"
    },
    {
      "name": "album_padding_sm",
      "value": "0vp"
    },
    {
      "name": "album_padding_md",
      "value": "10vp"
    },
    {
      "name": "album_padding_lg",
      "value": "20vp"
    },
    {
      "name": "options_padding",
      "value": "10vp"
    },
    {
      "name": "font_twelve",
      "value": "12fp"
    },
    {
      "name": "font_fourteen",
      "value": "14fp"
    },
    {
      "name": "font_fifteen",
      "value": "15fp"
    },
    {
      "name": "font_sixteen",
      "value": "16fp"
    },
    {
      "name": "font_eighteen",
      "value": "18fp"
    },
    {
      "name": "font_twenty",
      "value": "20fp"
    },
    {
      "name": "font_twenty_four",
      "value": "24fp"
    },
    {
      "name": "font_thirty",
      "value": "30fp"
    },
    {
      "name": "twenty_four",
      "value": "24vp"
    },
    {
      "name": "fifty_six",
      "value": "56vp"
    },
    {
      "name": "text_singer_margin_top",
      "value": "6vp"
    },
    {
      "name": "image_back_margin_top",
      "value": "6vp"
    },
    {
      "name": "image_back_size",
      "value": "30vp"
    },
    {
      "name": "tab_border_width",
      "value": "2vp"
    },
    {
      "name": "tab_text_padding_bottom",
      "value": "2vp"
    },
    {
      "name": "slide_text_width",
      "value": "58vp"
    },
    {
      "name": "lyrics_margin_top_lg",
      "value": "78vp"
    },
    {
      "name": "lyrics_text_margin_top",
      "value": "24vp"
    },
    {
      "name": "image_like_size",
      "value": "30vp"
    },
    {
      "name": "cover_radius",
      "value": "16vp"
    },
    {
      "name": "music_play_cover_margin",
      "value": "18vp"
    },
    {
      "name": "music_play_cover_margin_left_sm",
      "value": "10vp"
    },
    {
      "name": "music_play_cover_margin_right_sm",
      "value": "10vp"
    },
    {
      "name": "music_play_cover_margin_top_sm",
      "value": "16vp"
    },
    {
      "name": "music_play_cover_margin_top_md",
      "value": "16vp"
    },
    {
      "name": "music_play_cover_margin_top_lg",
      "value": "78vp"
    },
    {
      "name": "music_info_margin_top",
      "value": "38vp"
    },
    {
      "name": "music_text_margin_top",
      "value": "6vp"
    },
    {
      "name": "operation_image_width_lg",
      "value": "30vp"
    },
    {
      "name": "play_image_size",
      "value": "64vp"
    },
    {
      "name": "play_image_size_lg",
      "value": "80vp"
    },
    {
      "name": "play_control_image_size",
      "value": "30vp"
    },
    {
      "name": "cover_image_width",
      "value": "296vp"
    },
    {
      "name": "cover_image_width_lg",
      "value": "452vp"
    },    {
      "name": "phone_title_font_size",
      "value": "28fp"
    },
    {
      "name": "description_font_size",
      "value": "18fp"
    },
    {
      "name": "description_margin_top",
      "value": "8vp"
    },
    {
      "name": "button_font_size",
      "value": "16fp"
    },
    {
      "name": "button_border_radius",
      "value": "20vp"
    },
    {
      "name": "button_width",
      "value": "120vp"
    },
    {
      "name": "button_height",
      "value": "40vp"
    },
    {
      "name": "item_height",
      "value": "200vp"
    },
    {
      "name": "item_border_radius",
      "value": "24vp"
    },
    {
      "name": "item_padding",
      "value": "24vp"
    },
    {
      "name": "column_padding_top",
      "value": "64vp"
    },
    {
      "name": "column_padding_left",
      "value": "12vp"
    },
    {
      "name": "column_padding_right",
      "value": "12vp"
    }
  ]
}