{
  "code": 0,
  "data": [
    {
      "title": "鱼拿酸菜鱼",
      "img": "https://img1.baidu.com/it/u=1599947592,1695977044&fm=253&fmt=auto&app=138&f=JPEG?w=640&h=440",
      "storeData": [
        {
          "name": "点菜",
          "data": {
            "content": "点菜",
            "items": [
              {
                "text": "热销套餐",
                "children": [
                  {
                    "pic": "https://img1.baidu.com/it/u=1599947592,1695977044&fm=253&fmt=auto&app=138&f=JPEG?w=640&h=440",
                    "title": "招牌酸菜鱼",
                    "num": 0,
                    "price": 25.0,
                    "id": 0,
                    "add": true
                  },
                  {
                    "pic": "https://img1.baidu.com/it/u=1599947592,1695977044&fm=253&fmt=auto&app=138&f=JPEG?w=640&h=440",
                    "title": "藤椒酸菜鱼",
                    "num": 0,
                    "price": 25.0,
                    "id": 1,
                    "add": true
                  }
                ]
              },
              {
                "text": "澳洲肥牛",
                "children": [
                  {
                    "pic": "https://gimg2.baidu.com/image_search/src=http%3A%2F%2Fbkimg.cdn.bcebos.com%2Fpic%2F8694a4c27d1ed21b0ef4f3137f24cac451da80cb91b8&refer=http%3A%2F%2Fbkimg.cdn.bcebos.com&app=2002&size=f9999,10000&q=a80&n=0&g=0n&fmt=jpeg?sec=1645407747&t=ea2c9f772ba0df3a2d1b00b962875460",
                    "title": "酸汤肥牛",
                    "num": 0,
                    "price": 25.0,
                    "id": 3,
                    "add": true
                  },
                  {
                    "pic": "https://gimg2.baidu.com/image_search/src=http%3A%2F%2Fbkimg.cdn.bcebos.com%2Fpic%2F8694a4c27d1ed21b0ef4f3137f24cac451da80cb91b8&refer=http%3A%2F%2Fbkimg.cdn.bcebos.com&app=2002&size=f9999,10000&q=a80&n=0&g=0n&fmt=jpeg?sec=1645407747&t=ea2c9f772ba0df3a2d1b00b962875460",
                    "title": "香辣肥牛",
                    "num": 0,
                    "price": 25.0,
                    "id": 4,
                    "add": true
                  }
                ]
              },
              {
                "text": "超级折扣",
                "children": [
                  {
                    "pic": "https://img1.baidu.com/it/u=1599947592,1695977044&fm=253&fmt=auto&app=138&f=JPEG?w=640&h=440",
                    "title": "无骨酸菜鱼+肥牛双拼",
                    "num": 0,
                    "price": 25.0,
                    "id": 5,
                    "add": true
                  },
                  {
                    "pic": "https://img1.baidu.com/it/u=1599947592,1695977044&fm=253&fmt=auto&app=138&f=JPEG?w=640&h=440",
                    "title": "香辣水煮鱼+肥牛双拼",
                    "num": 0,
                    "price": 25.0,
                    "id": 6,
                    "add": true
                  }
                ]
              }
            ]
          }
        },
        { "name": "评价", "data": { "content": "评价" } },
        { "name": "商家", "data": { "content": "商家" } }
      ]
    },
    {
      "title": "隆江猪脚饭",
      "img": "https://gimg2.baidu.com/image_search/src=http%3A%2F%2Fwww.cfcy168.com%2FUploadFiles%2F2020%2F2%2F15904074889874037.jpg&refer=http%3A%2F%2Fwww.cfcy168.com&app=2002&size=f9999,10000&q=a80&n=0&g=0n&fmt=jpeg?sec=1645421933&t=66b58fbba9dce6f6b397e38820de24dc",
      "storeData": [
        {
          "name": "点菜",
          "data": {
            "content": "点菜",
            "items": [
              {
                "text": "热销套餐",
                "children": [
                  {
                    "pic": "https://gimg2.baidu.com/image_search/src=http%3A%2F%2Fwww.cfcy168.com%2FUploadFiles%2F2020%2F2%2F15904074889874037.jpg&refer=http%3A%2F%2Fwww.cfcy168.com&app=2002&size=f9999,10000&q=a80&n=0&g=0n&fmt=jpeg?sec=1645421933&t=66b58fbba9dce6f6b397e38820de24dc",
                    "title": "隆江猪脚饭",
                    "num": 0,
                    "price": 25.0,
                    "id": 0,
                    "add": true
                  },
                  {
                    "pic": "https://gimg2.baidu.com/image_search/src=http%3A%2F%2Fwww.cfcy168.com%2FUploadFiles%2F2020%2F2%2F15904074889874037.jpg&refer=http%3A%2F%2Fwww.cfcy168.com&app=2002&size=f9999,10000&q=a80&n=0&g=0n&fmt=jpeg?sec=1645421933&t=66b58fbba9dce6f6b397e38820de24dc",
                    "title": "隆江猪脚饭",
                    "num": 0,
                    "price": 25.0,
                    "id": 1,
                    "add": true
                  }
                ]
              },
              {
                "text": "超级折扣",
                "children": [
                  {
                    "pic": "https://img1.baidu.com/it/u=1599947592,1695977044&fm=253&fmt=auto&app=138&f=JPEG?w=640&h=440",
                    "title": "无骨酸菜鱼+肥牛双拼",
                    "num": 0,
                    "price": 25.0,
                    "id": 5,
                    "add": true
                  },
                  {
                    "pic": "https://img1.baidu.com/it/u=1599947592,1695977044&fm=253&fmt=auto&app=138&f=JPEG?w=640&h=440",
                    "title": "香辣水煮鱼+肥牛双拼",
                    "num": 0,
                    "price": 25.0,
                    "id": 6,
                    "add": true
                  }
                ]
              }
            ]
          }
        },
        { "name": "评价", "data": { "content": "评价" } },
        { "name": "商家", "data": { "content": "商家" } }
      ]
    }
  ]
}
