{
  "string": [
    {
      "name": "module_desc",
      "value": "module description"
    },
    {
      "name": "EntryAbility_desc",
      "value": "description"
    },
    {
      "name": "EntryAbility_label",
      "value": "label"
    },
    {
      "name": "bottom_text_map",
      "value": "Map"
    },
    {
      "name": "bottom_text_zones",
      "value": "Zones"
    },
    {
      "name": "bottom_text_trains",
      "value": "Trains"
    },
    {
      "name": "skip",
      "value": "跳过"
    },
    {
      "name": "train_station",
      "value": "Train Station"
    },
    {
      "name": "mother_child_room",
      "value": "Mother Room"
    },
    {
      "name": "car_road",
      "value": "Car Road"
    },
    {
      "name": "cafe",
      "value": "Cafe"
    },
    {
      "name": "smoking_area",
      "value": "Smoking Area"
    },
    {
      "name": "convenience_store",
      "value": "Convenience Store"
    },
    {
      "name": "gymnasium",
      "value": "Gymnasium"
    },
    {
      "name": "restaurant",
      "value": "Restaurant"
    },
    {
      "name": "side_walk",
      "value": "Side Walk"
    },
    {
      "name": "library",
      "value": "Library"
    },
    {
      "name": "introduction_paragraph_first_a",
      "value": "牛津是英国泰晤士河谷地的主要城市，传说在古代是牛群涉水而过的地方，因此取名“牛津”。坐落其中的牛津大学是英语世界中最古老的大学，也是世界上现存第二古老的高等教育机构。"
    },
    {
      "name": "introduction_paragraph_second_a",
      "value": "A区参考了牛津大学庄严的建筑风格和特征来进行创建，结合以灰色板石为材料的大坡度尖屋顶、米色莱姆石外墙、草坪里院和回廊，使整个街区都可以感受到犹如知识殿堂般的氛围。"
    },
    {
      "name": "introduction_paragraph_first_b",
      "value": "布鲁日是比利时西北部的文化名城，是典型的中世纪古城：城区河道环绕，水巷纵横，并有运河通往北海岸外港，游客可以乘坐小艇观赏水城全貌。该地属温带海洋性气候，全年温和多雨，气候湿润，建筑以阶梯式陡坡屋顶为主。"
    },
    {
      "name": "introduction_paragraph_second_b",
      "value": "B区参考布鲁日连绵小建筑物的街区特点，结合红砖外墙、阶梯式陡坡屋顶和独具特色的钟塔、拱形石桥，形成了与自然环境完美契合的空间。"
    },
    {
      "name": "introduction_paragraph_first_c",
      "value": "卢森堡，因被法国、德国和比利时三国包围，国土小，古堡多，又有“袖珍王国”、“千堡之国”的称呼。卢森堡地形富于变化，地势险要，是一个高度发达的资本主义国家。"
    },
    {
      "name": "introduction_paragraph_second_c",
      "value": "C区借鉴卢森堡石墙和自然悬崖围绕的地貌特征，重现有着高低相间地形、错落有致的街巷，将2至3层的建筑布局在基地的低洼部分，4至5层的建筑布置在基地的高地部分，形成“丰富的街路空间”，再现一个童话般的小镇。"
    },
    {
      "name": "introduction_paragraph_first_d",
      "value": "温德米尔位于英格兰西北海岸，是英格兰最大的自然湖区，英格兰最受欢迎的度假胜地之一，被英国人自己称为“后花园”。温德米尔是英格兰国家公园的一部分，夏季有游艇娱乐活动，是著名的旅游中心。"
    },
    {
      "name": "introduction_paragraph_second_d",
      "value": "D区参考温德米尔群山与湖畔融为一体的特色，形成了连绵到湖畔水面的草坪广场，自然石材砌就的墙面，组合呈现出田园风情。"
    },
    {
      "name": "introduction_paragraph_first_e",
      "value": "西班牙格拉纳达，位于内华达山山麓，达若河和赫尼尔河汇合处，主要以穆斯林、地中海风格为主。这里曾是阿拉伯人在伊比利亚半岛上的最后一个王国的首都，也有基督教文艺复兴时期的建筑瑰宝，有着星罗棋布的历史文化遗产和传说。"
    },
    {
      "name": "introduction_paragraph_second_e",
      "value": "E区借鉴格拉纳达建筑风格，整个组团布局在自然地形的小山丘上，建筑参考极致精巧的阿尔罕布拉宫的一些设计要素，结合西班牙街区的特有风格，形成了别具一格、闪烁着东方魅力的建筑设计和街区气息。"
    },
    {
      "name": "introduction_paragraph_first_f",
      "value": "巴黎作为法国的首都和最大城市，也是法国的政治、经济、文化和商业中心，是世界五个国际大都市之一，位于法国北部巴黎盆地的中央，横跨塞纳河两岸。巴黎建都已有1400多年的历史，又叫“浪漫之都”，被认为是现代奥林匹克运动的起点。"
    },
    {
      "name": "introduction_paragraph_second_f",
      "value": "F区建筑参考巴黎风格，呈现出浪漫的法国哥特式风情，设计理念借鉴了巴黎国际大学城富丽堂皇的建筑特色，通过华丽的装饰、极富特色的法式凸窗以及米黄的莱姆石，抽象出最为法式的雅致考究，彰显了浓郁的欧洲风情。"
    },
    {
      "name": "introduction_paragraph_first_g",
      "value": "维罗纳是意大利最古老、最美丽的城市之一，是仅次于威尼斯的第二大城市，盛产葡萄酒和著名的维罗纳大理石。维罗纳也被称作是爱之城，莎士比亚笔下的罗密欧与朱丽叶的爱情故事就发生在这里。"
    },
    {
      "name": "introduction_paragraph_second_g",
      "value": "G区整体建筑设计风格为意大利风格，吸取罗密欧和朱丽叶的浪漫之意，号称最浪漫的小镇。有着威尼斯水城的旅游特色，是唯一一个被水四面环绕的小镇，7座桥让你恍若穿越，充满意大利人的天真烂漫气息。建筑材料主要采用陶砖陶瓦、黄沙岩石头等。"
    },
    {
      "name": "introduction_paragraph_first_h",
      "value": "克伦诺夫是捷克共和国的一个小城镇，在德语中意为“高低不平的草地”，被称为欧洲最美丽的古老小镇，该镇于1992年被联合国教科文组织列为世界文化遗产和自然遗产。"
    },
    {
      "name": "introduction_paragraph_second_h",
      "value": "H区设计理念参考了捷克克伦诺夫的城堡、教堂、修道院等大型建筑的建筑特色，整合蜿蜒曲折、壮丽秀美的河流，构成了让人心旷神怡的步行空间，带有古朴典雅风情。"
    },
    {
      "name": "introduction_paragraph_first_j",
      "value": "弗里堡位于瑞士德语区和法语区的交界处，保留了中世纪风貌，哥特式建筑赋予了这座古城无与伦比的风格与魅力，有瑞士保存最完好的由石头铺成的小径、坡路和天主教教堂。它位于瑞士高原的一座山上，老城区只有约100米宽，比紧挨着的谷底高出40米。"
    },
    {
      "name": "introduction_paragraph_second_j",
      "value": "J区借鉴了弗里堡的中世纪古城风格，以白墙红瓦的淡色系建筑为主。根据用地起伏、靠近松山湖水域的地理位置特点，结合瑞士具有历史性的古城和修道院建筑特色，通过棕红色瓦斜坡屋顶和绿色砂岩外墙等特征，打造了面向湖畔的斜面风景。"
    },
    {
      "name": "introduction_paragraph_first_k",
      "value": "勃艮第地区位于法国巴黎南部，日照充足，是世界闻名的葡萄酒产区，主要出产酒体从中等到丰满的红葡萄酒，以及干白葡萄酒。勃艮第生产的葡萄酒单宁和酒精含量较低，酸度中高。"
    },
    {
      "name": "introduction_paragraph_second_k",
      "value": "K区以勃艮第为模板，借鉴了枫德内修道院、昂诺克西奥街区以及以棕红色屋顶为特征的瑟米尔，利用现代工艺和手法将其进行重塑，形成了特有的建筑风貌。"
    },
    {
      "name": "introduction_paragraph_first_l",
      "value": "海德堡是德国一个传统和现代混合的充满活力的城市，拥有欧洲最古老的教育机构之一——海德堡大学，其成立于1386年，著名思想家黑格尔曾在海德堡大学学习与工作。如今的海德堡声望不减当年，由于城内1∕5人口为学生，海德堡是全德平均年龄最小的城市。红褐色古城堡是海德堡城的标志。"
    },
    {
      "name": "introduction_paragraph_second_l",
      "value": "L区建筑以海德堡建筑风格为主，大多为白墙红瓦的老城建筑。设计参考了在人文科学上闻名、并在德国具有最悠久历史的海德堡大学，以红砂岩外墙和传统街区构成建筑群，布置在小山丘上细致而雄伟的城堡与由网格状道路构成的街区形成了鲜明的对比。"
    },
    {
      "name": "introduction_paragraph_first_m",
      "value": "博洛尼亚是意大利北部的历史文化名城，是意大利最古老的城市之一。博洛尼亚经常被列为意大利生活质量最高的城市之一，这是由于博洛尼亚拥有强大的工业传统和广泛且高度发达的社会福利。这里到处可见环绕建筑物的柱廊，有相对简洁的中世纪作品、构图严格的哥特时期作品、华丽的文艺复兴式作品，还有厚重的巴罗克式作品。"
    },
    {
      "name": "introduction_paragraph_second_m",
      "value": "M区取样于博洛尼亚，建筑密集，主要以走廊形式的修筑风格为主。设计理念参考了“柱廊之城”连续不断回廊的设计风格，整合了塔、文艺复兴时期的宫殿、哥特式教堂等古代建筑特色，在每栋大建筑物的前方都建有华丽的柱廊。平时人们可在廊中行走，免受日晒雨淋。"
    },
    {
      "name": "area_sub_name_a",
      "value": "追求极致的殿堂"
    },
    {
      "name": "area_sub_name_b",
      "value": "欧洲水城"
    },
    {
      "name": "area_sub_name_c",
      "value": "迷你童话小镇"
    },
    {
      "name": "area_sub_name_d",
      "value": "英格兰湖光山色"
    },
    {
      "name": "area_sub_name_e",
      "value": "文明交汇之城"
    },
    {
      "name": "area_sub_name_f",
      "value": "文化之都，法式浪漫"
    },
    {
      "name": "area_sub_name_g",
      "value": "最浪漫的小镇"
    },
    {
      "name": "area_sub_name_h",
      "value": "最美丽的小镇"
    },
    {
      "name": "area_sub_name_j",
      "value": "意大利中世纪小城"
    },
    {
      "name": "area_sub_name_k",
      "value": "葡萄酒圣地"
    },
    {
      "name": "area_sub_name_l",
      "value": "历史悠久的文化名城"
    },
    {
      "name": "area_sub_name_m",
      "value": "意大利柱廊之城"
    },
    {
      "name": "area_name_a",
      "value": "A区牛津"
    },
    {
      "name": "area_name_b",
      "value": "B区布鲁日"
    },
    {
      "name": "area_name_c",
      "value": "C区卢森堡"
    },
    {
      "name": "area_name_d",
      "value": "D区温德米尔"
    },
    {
      "name": "area_name_e",
      "value": "E区格拉纳达"
    },
    {
      "name": "area_name_f",
      "value": "F区巴黎"
    },
    {
      "name": "area_name_g",
      "value": "G区维罗纳"
    },
    {
      "name": "area_name_h",
      "value": "H区科伦洛夫"
    },
    {
      "name": "area_name_j",
      "value": "J区弗里堡"
    },
    {
      "name": "area_name_k",
      "value": "K区勃艮第"
    },
    {
      "name": "area_name_l",
      "value": "L区海德尔堡"
    },
    {
      "name": "area_name_m",
      "value": "M区博洛尼亚"
    },
    {
      "name": "create_year_2015",
      "value": "始建于2015年"
    },
    {
      "name": "build_information_a",
      "value": "A区总建筑面积达107637m2，其中地上建筑面积65625m2，地下建筑面积42011m2，定位为研发办公楼，设计容纳人数2343人，地下停车位694个，地上停车位50个，车位比例达32%。"
    },
    {
      "name": "build_information_b",
      "value": "B区总建筑面积达107637m2，其中地上建筑面积65625m2，地下建筑面积42011m2，定位为研发办公楼，设计容纳人数2343人，地下停车位694个，地上停车位50个，车位比例达32%。"
    },
    {
      "name": "build_information_c",
      "value": "C区总建筑面积达107637m2，其中地上建筑面积65625m2，地下建筑面积42011m2，定位为研发办公楼，设计容纳人数2343人，地下停车位694个，地上停车位50个，车位比例达32%。"
    },
    {
      "name": "build_information_d",
      "value": "D区总建筑面积达107637m2，其中地上建筑面积65625m2，地下建筑面积42011m2，定位为研发办公楼，设计容纳人数2343人，地下停车位694个，地上停车位50个，车位比例达32%。"
    },
    {
      "name": "build_information_e",
      "value": "E区总建筑面积达107637m2，其中地上建筑面积65625m2，地下建筑面积42011m2，定位为研发办公楼，设计容纳人数2343人，地下停车位694个，地上停车位50个，车位比例达32%。"
    },
    {
      "name": "build_information_f",
      "value": "F区总建筑面积达118944m2，其中地上建筑面积63134m2，地下建筑面积55810m2，定位为行政中心，设计容纳人数2255人，地下停车位786个，地上停车位0个，车位比例达34.9%。"
    },
    {
      "name": "build_information_g",
      "value": "G区总建筑面积达120231m2，其中地上建筑面积61718m2，地下建筑面积58513m2，定位为研发办公楼，设计容纳人数2204人，车位比例达43.6%。"
    },
    {
      "name": "build_information_h",
      "value": "H区总建筑面积达120231m2，其中地上建筑面积61718m2，地下建筑面积58513m2，定位为研发办公楼，设计容纳人数2204人，车位比例达43.6%。"
    },
    {
      "name": "build_information_j",
      "value": "J区总建筑面积达90907m2，其中地上建筑面积50007m2，地下建筑面积40899m2，定位为行政中心，设计容纳人数1786人，地下停车位636个，地上停车位7个，车位比例达36%。"
    },
    {
      "name": "build_information_k",
      "value": "K区总建筑面积达99828m2，其中地上建筑面积38187m2，地下建筑面积61641m2，定位为研发办公楼，设计容纳人数1364人，地下停车位1061个，地上停车位7个，车位比例达77.8%。"
    },
    {
      "name": "build_information_l",
      "value": "L区总建筑面积达123823m2，其中地上建筑面积58934m2，地下建筑面积64890m2，定位为研发办公楼，设计容纳人数2105人，地下停车位1213个，地上停车位0个，车位比例达57.6%。"
    },
    {
      "name": "build_information_m",
      "value": "M区总建筑面积达112133m2，其中地上建筑面积70672m2，地下建筑面积41461m2，定位为研发办公楼，设计容纳人数2524人，地下停车位679个，地上停车位0个，车位比例达26.9%。"
    },
    {
      "name": "line",
      "value": "%s号线路"
    },
    {
      "name": "in_operation",
      "value": "(运营中)"
    },
    {
      "name": "non_operational",
      "value": "(非运营)"
    },
    {
      "name": "train_interval",
      "value": "约%s分钟/趟"
    }
  ]
}